[
    {
        "filmId": "F1",
        "filmTitle": "Anyone but you",
        "Gerne": "Tình cảm",
        "Duration": 103,
        "Language": "Phụ đề tiếng Việt",
        "ReleaseDate": "25/03/2024",
        "Rating": "18",
        "Showtimes": "9:30",
        "inventory": 5
    },
    {
        "filmId": "F2",
        "filmTitle": "John Wick 4",
        "Gerne": "Hành động",
        "Duration": 169,
        "Language": "Lồng tiếng",
        "ReleaseDate": "24/03/2024",
        "Rating": "18+",
        "Showtimes": "20:00",
        "inventory": 10
    },
    {
        "filmId": "F3",
        "filmTitle": "The Marvels",
        "Gerne": "Siêu anh hùng",
        "Duration": 130,
        "Language": "Phụ đề tiếng Việt",
        "ReleaseDate": "22/03/2024",
        "Rating": "PG-13",
        "Showtimes": "17:30",
        "inventory": 8
    },
    {
        "filmId": "F4",
        "filmTitle": "Oppenheimer",
        "Gerne": "Chính kịch",
        "Duration": 180,
        "Language": "Phụ đề tiếng Việt",
        "ReleaseDate": "21/03/2024",
        "Rating": "R",
        "Showtimes": "19:00",
        "inventory": 12
    },
    {
        "filmId": "F5",
        "filmTitle": "Inside Out 2",
        "Gerne": "Hoạt hình",
        "Duration": 100,
        "Language": "Lồng tiếng",
        "ReleaseDate": "26/03/2024",
        "Rating": "PG",
        "Showtimes": "14:00",
        "inventory": 15
    },
    {
        "filmId": "F6",
        "filmTitle": "Dune: Part Two",
        "Gerne": "Khoa học viễn tưởng",
        "Duration": 166,
        "Language": "Phụ đề tiếng Việt",
        "ReleaseDate": "27/03/2024",
        "Rating": "PG-13",
        "Showtimes": "21:00",
        "inventory": 7
    },
    {
        "filmId": "F7",
        "filmTitle": "Avatar: The Way of Water",
        "Gerne": "Khoa học viễn tưởng",
        "Duration": 192,
        "Language": "Phụ đề tiếng Việt",
        "ReleaseDate": "28/03/2024",
        "Rating": "PG-13",
        "Showtimes": "18:30",
        "inventory": 9
    },
    {
        "filmId": "F8",
        "filmTitle": "Spider-Man: No Way Home",
        "Gerne": "Siêu anh hùng",
        "Duration": 148,
        "Language": "Lồng tiếng",
        "ReleaseDate": "29/03/2024",
        "Rating": "PG-13",
        "Showtimes": "20:00",
        "inventory": 6
    },
    {
        "filmId": "F9",
        "filmTitle": "The Conjuring: The Devil Made Me Do It",
        "Gerne": "Kinh dị",
        "Duration": 112,
        "Language": "Phụ đề tiếng Việt",
        "ReleaseDate": "30/03/2024",
        "Rating": "R",
        "Showtimes": "22:00",
        "inventory": 5
    },
    {
        "filmId": "F10",
        "filmTitle": "Fast X",
        "Gerne": "Hành động",
        "Duration": 141,
        "Language": "Lồng tiếng",
        "ReleaseDate": "31/03/2024",
        "Rating": "PG-13",
        "Showtimes": "16:00",
        "inventory": 10
    }
]